LCA1 X;LCA1 Y;LCA1 Z;LCA2 X;LCA2 Y;LCA2 Z;LCA3 X;LCA3 Y;LCA3 Z;UCA1 X;UCA1 Y;UCA1 Z;UCA2 X;UCA2 Y;UCA2 Z;UCA3 X;UCA3 Y;UCA3 Z;TR1 X;TR1 Y;TR1 Z;TR2 X;TR2 Y;TR2 Z;WCN X;WCN Y;WCN Z;SPN X;SPN Y;SPN Z;Objective function 0 is best;Camber down (deg);Camber up (deg);Toe down (deg);Toe up (deg);Caster angle (deg);Roll centre height (mm);Caster trail (mm);Scrub radius (mm);Kingpin angle (deg);Anti drive feature(%);Anti brake feature(%);Half track change down (mm);Wheelbase change down (mm);Half track change up (mm);Wheelbase change up (mm);Method;Execution time(s)
-2040;-422.47534596997525;-124.09001774763681;-2240;-473.5645042093581;-116.11579061518574;-2132.769880389655;-602.059893934623;-120.13533224950807;-2040;-400.1700427142798;-289.7010904185391;-2240;-365.92326419461665;-273.61328245375313;-2155.5892179653474;-574.5091299907984;-317.8805893435785;-2208.3292988338803;-429.63403276174876;-168.18296989202244;-2232.1894145920583;-600.5092176104058;-175.38432368549513;-2143.6;-620.5;-220.07;-2143.6;-595.5;-219.34;0.5000004768371582;-2.6532750129699707;-0.3559306263923645;0.0;0.04423469305038452;6.582686424255371;65.00004577636719;23.52141761779785;-9.243313789367676;7.931653022766113;17.999740600585938;8.825935363769531;-6.50372314453125;1.104248046875;0.00335693359375;-1.426025390625;COBYLA;0.5664856433868408
-2040;-458.3139428572656;-142.67491207858748;-2240;-423.1609108721484;-139.3112302095705;-2133.006188298564;-602.085360284691;-145.48563561147418;-2040;-410.5097757362758;-281.1089568586517;-2240;-397.84725916905603;-281.8336606255021;-2151.4172714934502;-589.2771743431969;-318.89438107440066;-2205.083977734886;-399.42162932934406;-231.43602177938016;-2215.7266686925163;-565.7198336696454;-254.35646681441497;-2143.6;-620.5;-220.07;-2143.6;-595.5;-219.34;0.5;-2.653153657913208;-0.45029446482658386;-0.04423469305038452;0.0;6.060501575469971;64.99308776855469;24.963123321533203;-14.54250717163086;4.224246501922607;17.036611557006836;0.07345350086688995;-6.3863525390625;0.331298828125;0.1087646484375;0.36962890625;COBYLA;0.4358346462249756
-2040;-425.5220404911043;-122.51343966377134;-2240;-439.4731123275855;-115.90305934249155;-2135.268399537177;-603.3714758486302;-120.18687324476682;-2040;-380.3926244020104;-280.749626193878;-2240;-342.24849199439353;-262.0802983261936;-2163.3790706736845;-580.7174981248057;-311.98606402159925;-2248.243913197428;-402.0461190919004;-200.50794366341054;-2242.04804820319;-596.9846073158888;-219.96765658273068;-2143.6;-620.5;-220.07;-2143.6;-595.5;-219.34;0.5000003576278687;-2.65326189994812;-0.3209346532821655;-0.0;0.03426405042409897;8.338136672973633;60.48641586303711;24.45806121826172;-10.257956504821777;6.7361907958984375;10.494941711425781;9.190532684326172;-6.03350830078125;1.44091796875;0.001708984375;-1.211669921875;COBYLA;1.0133168697357178
-2040;-401.61244934776954;-125.85346386087846;-2240;-382.76217372786505;-113.38630935175703;-2144.154146765593;-602.1203537025963;-162.09994444668013;-2040;-456.00967692979157;-260.24222970901377;-2240;-467.2908651265241;-254.35481803133237;-2155.15349094332;-580.5079644949463;-318.2392910455613;-2230.290820256186;-436.68497436961655;-178.58580207738893;-2243.2235289165;-578.997072130231;-227.28124546871527;-2143.6;-620.5;-220.07;-2143.6;-595.5;-219.34;1.0;-1.9482672214508057;-2.893493175506592;0.0;0.04845668375492096;4.029648303985596;50.00029754638672;10.149953842163086;-3.476362466812134;7.880682468414307;14.922602653503418;9.767988204956055;-3.02520751953125;1.5;2.4063720703125;-1.3466796875;COBYLA;0.33610033988952637
-2040;-458.7662650928073;-133.59209252064522;-2240;-449.1059671263745;-126.88311944697523;-2128.052764134354;-603.2023906887642;-127.23134483418445;-2040;-385.93245502765757;-301.147237637755;-2240;-449.06568939805913;-299.2506474998601;-2143.5132888405333;-581.097894765555;-318.84689358329314;-2210.502225967697;-402.1709509611631;-206.57316288861267;-2184.9487819817923;-543.106128963204;-213.32011877680745;-2143.6;-620.5;-220.07;-2143.6;-595.5;-219.34;1.0;-3.1365647315979004;-0.02163156121969223;0.0;0.04845668375492096;4.612905025482178;64.99579620361328;24.993408203125;-9.917586326599121;6.580498695373535;14.347624778747559;8.14564037322998;-6.49884033203125;0.86083984375;0.0001220703125;-1.5;COBYLA;0.4508192539215088
-2040;-352.62706706947205;-153.63978086091691;-2240;-363.99424366115346;-151.9465565821503;-2129.417093096701;-601.7569542957731;-163.81477607318865;-2040;-461.1355446597218;-271.33495644581615;-2240;-384.2299259031836;-259.87777755826806;-2138.585778282539;-586.5872049713032;-294.47403806699464;-2221.0430295610995;-389.1039938211525;-219.25416096254554;-2240.5234390472456;-581.7138861790045;-242.11622621705234;-2143.6;-620.5;-220.07;-2143.6;-595.5;-219.34;0.5000007152557373;-3.1745877265930176;-0.978206217288971;-0.0;0.03426405042409897;4.0140180587768555;64.99919891357422;24.965591430664062;-7.029840469360352;6.622443675994873;17.999887466430664;0.47484371066093445;-4.04779052734375;0.440185546875;2.47406005859375;0.37255859375;COBYLA;0.6138706207275391
-2040;-335.0006213099405;-123.32490436073688;-2240;-350.87855183598924;-116.65879157710998;-2126.480035915137;-603.3356241944622;-122.66646351213662;-2040;-408.6117929248207;-294.7513031035588;-2240;-377.75702192273025;-277.57561667109843;-2140.2355162381627;-588.8659015471434;-319.0991352586139;-2236.20774990957;-379.90756626455465;-220.75842480898334;-2240.653433509783;-599.8051008637553;-243.57268236405113;-2143.6;-620.5;-220.07;-2143.6;-595.5;-219.34;1.0;-3.245992660522461;-0.44527336955070496;0.0;0.04423469305038452;4.005722999572754;50.01222229003906;24.9998779296875;-14.999954223632812;4.21296501159668;10.047662734985352;9.48222541809082;-3.87164306640625;1.499267578125;1.0963134765625;-1.24755859375;COBYLA;0.39594125747680664
-2040;-371.40023348651994;-113.4747548497305;-2240;-360.84372032867253;-105.07790370251189;-2143.628193732914;-603.1388418469145;-123.70843374086964;-2040;-420.55154648265074;-269.75740379485796;-2240;-455.4837699043701;-271.633923678647;-2163.079849125247;-577.5539663676564;-314.5660354554059;-2221.920655770131;-427.3720571327666;-223.78629560314013;-2233.978901552023;-575.1303566923189;-260.5001858074759;-2143.6;-620.5;-220.07;-2143.6;-595.5;-219.34;0.5;-2.6531741619110107;-1.5583943128585815;0.0;0.03426405042409897;5.819333553314209;52.595890045166016;11.544601440429688;-8.265581130981445;7.635100841522217;17.439096450805664;8.66799259185791;-3.741455078125;1.0302734375;1.58892822265625;-1.488037109375;COBYLA;0.577965259552002
-2040;-398.4307547017792;-139.5556793445003;-2240;-464.9138562147799;-134.59612993354406;-2135.228923756095;-602.5583747678204;-145.4837186080296;-2040;-448.56355448355146;-290.9138419177602;-2240;-403.7329206020407;-269.73628581591754;-2155.896546634224;-578.3484880391209;-317.7467178523516;-2279.5730637883703;-430.3552470025372;-206.26567605449557;-2207.7635138064543;-599.1649796244016;-234.18006435476602;-2143.6;-620.5;-220.07;-2143.6;-595.5;-219.34;0.11923101544380188;-2.616933584213257;-0.9433184266090393;0.0;0.04845668375492096;6.841440677642822;63.90489196777344;24.606708526611328;-5.050459861755371;7.999939918518066;17.463010787963867;9.040234565734863;-5.63134765625;1.09423828125;0.83026123046875;-1.490966796875;COBYLA;0.7320902347564697
-2040;-460.9441732954133;-136.62463103129042;-2240;-393.24363616692887;-131.24726835291364;-2129.9979528940394;-602.7572672009366;-140.87021284852528;-2040;-363.9228934852678;-264.1358882256215;-2240;-436.81874516827963;-283.2447318025731;-2142.9505284193483;-590.8955132119918;-315.69341180294856;-2274.3077561111472;-407.96515408706495;-163.66689023092255;-2218.2104885227914;-594.9014882388406;-179.1658283291289;-2143.6;-620.5;-220.07;-2143.6;-595.5;-219.34;0.5000001788139343;-2.6531198024749756;-0.5532597899436951;-0.0;0.03956471383571625;4.2372212409973145;57.928680419921875;23.287572860717773;-14.997086524963379;3.8815646171569824;17.741743087768555;0.25631725788116455;-5.68743896484375;0.1171875;0.08319091796875;0.0830078125;COBYLA;0.5774569511413574
-2040;-471.4670653478978;-141.5816470422798;-2240;-415.8304536185797;-130.5914640610019;-2128.535479687764;-601.474202434337;-147.820397416484;-2040;-380.4725770461383;-262.8813515565128;-2240;-421.3373455099608;-264.2374807758076;-2140.468078719106;-577.7065343550104;-316.98088098852287;-2223.644675113937;-444.47323613562975;-162.4775489253225;-2198.872578311929;-601.5453738474038;-181.98007030822404;-2143.6;-620.5;-220.07;-2143.6;-595.5;-219.34;0.5000001192092896;-2.11906361579895;-0.9783693552017212;-0.07661674171686172;0.0;4.034976005554199;64.96543884277344;24.775394439697266;-5.810938358306885;7.997902870178223;10.067835807800293;8.722526550292969;-6.56427001953125;1.499755859375;0.00201416015625;-1.025390625;COBYLA;0.5704774856567383
-2040;-408.37578383757074;-122.20407411376824;-2240;-485.9214527366278;-123.57586811648589;-2127.0326151173876;-602.3067644597362;-129.7015936096908;-2040;-345.9102904028796;-235.89426111840118;-2240;-477.98952400468966;-272.4589498506946;-2138.8110745169574;-578.717380011049;-297.93779994794266;-2269.555159169792;-452.999954560226;-188.58142932848418;-2213.436860551296;-581.8281972822766;-207.03111727227898;-2143.6;-620.5;-220.07;-2143.6;-595.5;-219.34;0.4999998211860657;-2.2794129848480225;-0.9782633781433105;-0.07661674171686172;0.03426405042409897;4.004780292510986;64.99970245361328;24.93655776977539;-7.55781364440918;7.981736183166504;11.616538047790527;0.04759259149432182;-6.235107421875;-1.489990234375;0.3153076171875;-1.4853515625;COBYLA;0.561497688293457
-2040;-420.8613329617036;-126.8450780951635;-2240;-456.1036279291628;-123.24309490693676;-2126.4119221640044;-598.7886630861207;-121.01295330151373;-2040;-391.52716653174645;-283.85325165318096;-2240;-440.4426515846715;-289.9616978904223;-2138.9326780933548;-574.8684080748122;-299.96351852645904;-2220.6772040575192;-431.48949151093535;-215.48731364926851;-2203.6515096688277;-589.4253686420843;-220.8158323102516;-2143.6;-620.5;-220.07;-2143.6;-595.5;-219.34;1.0;-3.43119478225708;0.08567448705434799;-0.04423469305038452;-0.0;4.0023322105407715;57.03501892089844;24.945146560668945;-13.017522811889648;7.613556861877441;14.065901756286621;0.09254828095436096;-5.6375732421875;-0.610107421875;0.0230712890625;-0.627685546875;COBYLA;0.44281601905822754
-2040;-439.33025188079625;-139.45166928021712;-2240;-436.3863171991335;-136.41787661137786;-2135.516448134384;-595.5601078032038;-135.74072352050874;-2040;-346.515674973553;-290.18549511338404;-2240;-416.51297575025757;-297.28179199806715;-2149.8621151387883;-571.1861781544835;-316.4329702999949;-2258.528745810736;-436.46425406198256;-194.83315217236833;-2214.1750181664543;-598.7742178272559;-200.81012451171011;-2143.6;-620.5;-220.07;-2143.6;-595.5;-219.34;0.9999999403953552;-3.054989814758301;0.029430972412228584;-0.07661674171686172;0.0;4.539366722106934;64.99226379394531;18.055465698242188;-14.123373985290527;7.682404041290283;10.848498344421387;2.3213553428649902;-6.4903564453125;-0.066650390625;0.00048828125;-0.703857421875;COBYLA;0.6323320865631104
-2040;-385.6880264978977;-132.89975727496093;-2240;-433.8202564019674;-136.0176088511649;-2142.2335036913087;-602.4152903027639;-154.1770458639538;-2040;-462.50013232145596;-257.0074000248695;-2240;-484.14816683959054;-266.4130915144996;-2165.572704954732;-593.0990594370631;-299.85502070719866;-2271.491573090426;-459.17290466091566;-215.31913135094717;-2239.7408493954376;-590.7269762636485;-246.261271977059;-2143.6;-620.5;-220.07;-2143.6;-595.5;-219.34;0.5000006556510925;-2.653066396713257;-2.083008050918579;-0.0;0.04845668375492096;9.102127075195312;63.32575607299805;24.441312789916992;-14.997757911682129;3.659181594848633;15.292265892028809;0.0020802514627575874;-3.98284912109375;-0.526123046875;2.656982421875;-0.485595703125;COBYLA;0.6123991012573242
-2040;-451.82905707936413;-128.987071692052;-2240;-461.5767921021393;-124.4541135297023;-2127.3122221452936;-602.2939275290669;-134.07624411590416;-2040;-479.35612635247946;-289.0767183164485;-2240;-364.95123316073375;-250.015776520912;-2139.997875437729;-581.0301803571626;-314.5208903922407;-2229.0045058450846;-445.51514789458525;-206.81070085011407;-2236.1957882306087;-599.9832458250847;-232.1020332126232;-2143.6;-620.5;-220.07;-2143.6;-595.5;-219.34;0.5000073313713074;-2.2570502758026123;-0.9779430031776428;-0.07661674171686172;-0.0;4.021371364593506;65.00004577636719;24.999488830566406;-9.728885650634766;6.720829010009766;9.999985694885254;5.8590593338012695;-6.55218505859375;1.49560546875;0.00445556640625;-0.111083984375;COBYLA;0.8467578887939453
-2040;-458.93223265459545;-125.46368568271346;-2240;-441.8007098689347;-121.90596366434266;-2131.890760591984;-603.2463566078922;-124.75454902275351;-2040;-445.6354998504284;-289.83894628712403;-2240;-367.6622659801893;-276.3922350809431;-2146.2184131399454;-582.3824289150115;-318.36889796315785;-2222.5955622218535;-421.2677647801106;-208.46205535117096;-2242.63806899259;-583.7202836146412;-224.78241562796165;-2143.6;-620.5;-220.07;-2143.6;-595.5;-219.34;0.5;-2.6531758308410645;-0.44182297587394714;-0.03426405042409897;0.03956471383571625;4.2322282791137695;64.99634552001953;20.189960479736328;-11.029661178588867;6.150461673736572;16.91041374206543;0.82331383228302;-6.50543212890625;0.696533203125;0.005859375;0.552978515625;COBYLA;0.7450296878814697
-2040;-414.2334187584957;-130.38991682546225;-2240;-344.25689106802605;-129.75032152888366;-2126.5607115407292;-598.3302684727291;-123.56377320895088;-2040;-346.75511501478695;-292.2500114248927;-2240;-382.1754183441307;-295.4760478247951;-2139.8780262738574;-573.2951792749135;-313.83036405561336;-2228.176246629476;-369.5986692337661;-244.98876529600582;-2233.390236295672;-575.2158939128853;-257.0796298053797;-2143.6;-620.5;-220.07;-2143.6;-595.5;-219.34;1.0;-3.3410587310791016;-0.0008738909964449704;-0.03956471383571625;-0.0;4.003720283508301;64.33474731445312;24.977703094482422;-13.37186336517334;7.49588680267334;10.896461486816406;1.5068786144256592;-5.30712890625;0.37548828125;1.05267333984375;-0.04638671875;COBYLA;0.4852321147918701
-2040;-355.58206193009255;-117.75392942216027;-2240;-446.92253353666393;-120.57130305664867;-2127.87371307579;-602.8719575488185;-132.35176900133308;-2040;-463.166879444796;-275.9885311127007;-2240;-379.591175973256;-253.1589648094698;-2140.503555745212;-579.0626066469878;-309.69308600482026;-2239.2531112771044;-398.9793389866214;-213.34981344123855;-2198.5106157380296;-593.3840999859573;-253.9659481138698;-2143.6;-620.5;-220.07;-2143.6;-595.5;-219.34;0.5004034042358398;-2.64129638671875;-1.1863259077072144;0.0;0.04845668375492096;4.073613166809082;50.00007247924805;24.428735733032227;-7.3492231369018555;7.646657943725586;14.73725414276123;1.2029683589935303;-4.2249755859375;0.236328125;0.8291015625;-0.003662109375;COBYLA;0.6562435626983643
-2040;-449.8691078377758;-118.38914546931495;-2240;-434.7040500864412;-113.07604368061504;-2143.6135610847928;-596.2372525763349;-120.00338096849498;-2040;-467.22218812415645;-291.7613943771994;-2240;-382.5722649720188;-262.06682462601145;-2163.8587220946556;-568.6481442526999;-316.43384562883443;-2248.127772123908;-442.64509057159984;-189.44875471561215;-2243.229179890795;-600.6816608347816;-210.94330848740182;-2143.6;-620.5;-220.07;-2143.6;-595.5;-219.34;0.49970346689224243;-2.381263494491577;-0.9778587222099304;-0.07661674171686172;-0.0;5.884420871734619;64.42341613769531;11.31055736541748;-14.957918167114258;7.995030879974365;10.968293190002441;5.513750076293945;-6.2271728515625;1.467529296875;0.3111572265625;-0.023193359375;COBYLA;0.5434935092926025
-2040;-443.7402995418804;-109.58996505416344;-2240;-450.1550730827158;-104.93096857063468;-2130.9720556211296;-599.4629277671376;-122.23319800899259;-2040;-477.6437702972089;-281.69127674185034;-2240;-416.43907917025393;-247.42640021635358;-2152.5163250373594;-571.9282550143532;-318.2938829349929;-2279.990970874666;-443.10278231895137;-184.12709838900662;-2243.3274562414454;-600.276922540707;-226.47959432937162;-2143.6;-620.5;-220.07;-2143.6;-595.5;-219.34;1.0;-1.9290987253189087;-1.8856743574142456;0.0;0.04845668375492096;6.270811080932617;50.48653030395508;24.943593978881836;-11.422194480895996;7.994293689727783;10.227112770080566;6.464907646179199;-5.198974609375;1.437744140625;0.04461669921875;-0.31396484375;COBYLA;0.5515487194061279
-2040;-395.0276721236502;-146.14887142005628;-2240;-440.4144506620418;-136.46750205126867;-2138.881754794497;-601.6860465817683;-132.29016618445692;-2040;-397.9524902762163;-309.41695039954107;-2240;-386.203989531597;-299.3164630922798;-2166.832146705823;-586.1798845234649;-307.6599168321459;-2243.3272593249276;-377.1717659618068;-222.86871036479852;-2243.4456179273056;-556.0540001042714;-219.52613405313954;-2143.6;-620.5;-220.07;-2143.6;-595.5;-219.34;1.0;-3.6552834510803223;0.4349813759326935;-0.07132630795240402;0.03956471383571625;9.055569648742676;61.73344802856445;24.184478759765625;-14.138504981994629;5.052921772003174;14.90005111694336;8.80305290222168;-5.67266845703125;1.031005859375;0.4610595703125;-1.475830078125;COBYLA;0.41489076614379883
-2040;-370.22458881187856;-147.42194257896958;-2240;-447.1086578558308;-143.25822954384068;-2145.8513075686697;-600.8614405455443;-146.03457354651204;-2040;-394.88263493947994;-291.9254974566001;-2240;-437.101209058464;-292.19018781014796;-2165.436294005334;-587.5821019725709;-313.69649947634116;-2249.397859698578;-427.89466749875294;-173.56142033283317;-2231.344582558551;-601.7058354555713;-178.48259422513132;-2143.6;-620.5;-220.07;-2143.6;-595.5;-219.34;1.0;-3.287587881088257;-0.27399834990501404;-0.07661674171686172;-0.0;6.662657737731934;59.18260192871094;13.623068809509277;-14.999832153320312;4.528530120849609;10.000179290771484;4.901118755340576;-5.0760498046875;-0.08056640625;0.80517578125;-1.500244140625;COBYLA;0.5066709518432617
-2040;-437.40297133817336;-122.1257830149594;-2240;-352.9452838850475;-112.59420282027364;-2135.2205598273604;-596.7362523558253;-119.71474750000672;-2040;-402.67806082492893;-281.89240620279077;-2240;-454.16917041802145;-281.70628479466836;-2162.5579947522738;-569.7251376675249;-311.9103979946181;-2202.719473859343;-420.91974856261004;-200.6570270239612;-2240.5718459177324;-570.1093399006311;-216.72192549642014;-2143.6;-620.5;-220.07;-2143.6;-595.5;-219.34;0.4998070001602173;-2.9335319995880127;-0.9783265590667725;-0.06852810084819794;0.03426405042409897;8.09537410736084;63.85357666015625;23.963891983032227;-14.490160942077637;7.99991512298584;17.935253143310547;10.29818344116211;-4.99322509765625;1.5;1.49566650390625;-1.44140625;COBYLA;0.6781859397888184
-2040;-442.435192147528;-144.85252517056983;-2240;-437.4873344536342;-136.4041516189108;-2135.542188073312;-602.675522142731;-144.06997894429205;-2040;-367.1415875479774;-283.3708260589331;-2240;-382.7604574916256;-276.210010386472;-2156.9061174756125;-578.5806103245894;-317.3927643871197;-2234.6945038144277;-408.777478762919;-197.88409632759033;-2243.2177771656457;-582.16728715032;-212.3743605496141;-2143.6;-620.5;-220.07;-2143.6;-595.5;-219.34;0.5000003576278687;-2.653268337249756;-0.31921693682670593;0.0;0.04845668375492096;7.026841163635254;65.0000228881836;24.563732147216797;-5.335738182067871;7.914410591125488;17.999860763549805;9.261302947998047;-6.4879150390625;1.322021484375;0.01116943359375;-1.355224609375;COBYLA;0.8108322620391846
-2040;-453.1363209159585;-146.80420972859446;-2240;-433.7203881962875;-144.43810948014035;-2128.0997224169814;-602.7091116720765;-144.09624234319176;-2040;-390.189076212556;-292.72654661783537;-2240;-417.73580805657895;-299.2412432178697;-2140.202589503482;-591.1525179006337;-317.15584671944106;-2238.265332511036;-410.774940999779;-212.77187174583767;-2243.3164604072576;-587.2899140831252;-220.63219570707315;-2143.6;-620.5;-220.07;-2143.6;-595.5;-219.34;1.0;-3.098886728286743;0.048402123153209686;0.0;0.04845668375492096;4.000504970550537;64.82975006103516;24.868772506713867;-14.969937324523926;3.8204445838928223;17.998876571655273;0.0012720362283289433;-6.42864990234375;0.01953125;0.001708984375;0.042724609375;COBYLA;0.8128232955932617
-2040;-359.9217886502743;-85.97319293076033;-2240;-458.28970789119535;-98.78665087606547;-2131.519782254074;-603.0299699461058;-132.97965580069712;-2040;-486.73402892565696;-259.42731902914096;-2240;-467.6621705462934;-237.05890185905147;-2150.4639854057605;-579.6715182128125;-318.5931421099719;-2241.85785478996;-456.91095213867504;-178.75248343573668;-2224.350301698392;-588.8883954173502;-244.33199776864132;-2143.6;-620.5;-220.07;-2143.6;-595.5;-219.34;1.0;-1.2421071529388428;-4.0038557052612305;0.0;0.04845668375492096;5.827550411224365;50.079002380371094;24.61554718017578;-8.139780044555664;7.172641754150391;17.043441772460938;8.387418746948242;-3.28656005859375;0.85107421875;2.42669677734375;-1.498779296875;COBYLA;0.5818030834197998
-2040;-442.5466364754041;-123.54321235488746;-2240;-453.5081195342799;-117.61963052293072;-2126.998515055973;-603.3654620920311;-120.97466174343916;-2040;-352.4486858744042;-274.8608823005031;-2240;-421.7825459804076;-281.7544011912133;-2140.801695836525;-576.1938544687783;-314.35788929739795;-2210.5426649250744;-409.6207039931434;-203.1681947823555;-2205.416349867637;-572.0633000262792;-218.92281237179262;-2143.6;-620.5;-220.07;-2143.6;-595.5;-219.34;0.5;-2.6531982421875;-0.36807358264923096;-0.03956471383571625;0.04423469305038452;4.0827131271362305;64.79605102539062;24.511272430419922;-7.6905083656311035;7.998075485229492;14.538125991821289;6.247896671295166;-6.48516845703125;0.4033203125;0.01556396484375;-1.380615234375;COBYLA;0.700127124786377
-2040;-422.7101829631785;-118.35647657361466;-2240;-449.34557079227557;-112.71063946106372;-2134.4039225692472;-601.993953237271;-120.05723405128273;-2040;-449.06442893384815;-290.9896362663629;-2240;-477.27879906674104;-289.71938697517504;-2161.028365412482;-579.1950228078325;-315.6509850096636;-2273.020735198865;-445.23985699225733;-181.24990296009807;-2238.6979433518227;-572.0753734935334;-195.65936723274768;-2143.6;-620.5;-220.07;-2143.6;-595.5;-219.34;0.5;-3.1149659156799316;-0.9783481955528259;-0.07132630795240402;0.019782356917858124;7.751552581787109;50.05842971801758;24.156333923339844;-11.820462226867676;6.648569583892822;14.44275951385498;7.096724987030029;-4.5863037109375;0.545654296875;0.53753662109375;-1.491455078125;COBYLA;0.5365638732910156
-2040;-348.9942243414451;-122.08636605487628;-2240;-343.3456804638444;-118.52338746591055;-2126.879481670167;-598.4255361673123;-121.86773603105074;-2040;-414.62229213773577;-284.3825721718754;-2240;-445.45989247708457;-293.79131423781456;-2140.9366095670994;-571.6799098365866;-318.58189887714514;-2254.8153165731587;-417.9268789724777;-239.8261431708006;-2205.4004145943586;-575.2612971485443;-263.200789071716;-2143.6;-620.5;-220.07;-2143.6;-595.5;-219.34;0.5000000596046448;-3.151527166366577;-0.9783604741096497;0.0;0.04845668375492096;4.087392330169678;64.76497650146484;24.704187393188477;-13.010445594787598;7.7425618171691895;17.917098999023438;0.4628213942050934;-4.27789306640625;-0.1513671875;2.21014404296875;-0.233154296875;COBYLA;0.6752147674560547
-2040;-432.0866452184287;-114.22591519955003;-2240;-431.6081111929912;-111.00087606985929;-2128.9610447872014;-603.3941881834878;-120.62060380508716;-2040;-444.0589425660139;-274.0517497441294;-2240;-411.7283851494067;-265.93883112377705;-2145.8812656955365;-587.9096602035838;-313.9604654319151;-2227.9564675084835;-395.4892214452676;-188.5588318549831;-2243.0419160301244;-550.4447581624025;-213.29943377160913;-2143.6;-620.5;-220.07;-2143.6;-595.5;-219.34;0.33338209986686707;-2.55920147895813;-0.9494088888168335;0.0;0.03956471383571625;5.001581192016602;50.00014877319336;24.30759048461914;-14.38235855102539;4.579028606414795;13.712400436401367;1.301921010017395;-5.01708984375;0.421142578125;0.01068115234375;0.102294921875;COBYLA;1.0177881717681885
-2040;-365.1760445337459;-153.85184063399907;-2240;-472.49257080761527;-156.5924473858908;-2129.3437264667054;-597.1283428504753;-163.1710380660017;-2040;-422.09853646224025;-256.0300523608734;-2240;-470.2503159772047;-266.0963815355754;-2137.7479483929123;-580.2771509283368;-283.0855523574382;-2238.8336313717464;-404.34588914399586;-172.0084192574368;-2236.7121550152415;-582.9091436285113;-183.01626254417621;-2143.6;-620.5;-220.07;-2143.6;-595.5;-219.34;0.5000002384185791;-3.2102811336517334;-0.9783961772918701;0.0;0.04423469305038452;4.009064674377441;64.431396484375;24.980281829833984;-7.995492458343506;7.999204158782959;17.892494201660156;0.16259384155273438;-4.60498046875;-1.048095703125;1.8922119140625;-1.074462890625;COBYLA;0.9013042449951172
-2040;-367.86555840419715;-148.02338587257643;-2240;-429.8741108198537;-138.20190892888078;-2126.792977705337;-597.8703360233666;-127.248163632553;-2040;-403.1368286741706;-311.63764754596565;-2240;-487.6398830133506;-305.7663575841812;-2138.995289262961;-574.6280796619742;-301.7396154185347;-2253.4512676734485;-427.1375343677185;-215.32142545133442;-2194.1627673857024;-570.4374507616722;-206.72382832755954;-2143.6;-620.5;-220.07;-2143.6;-595.5;-219.34;1.0;-4.614957809448242;0.41674351692199707;-0.0;0.04423469305038452;4.000251770019531;62.20053482055664;24.996206283569336;-13.157294273376465;7.587167263031006;17.982053756713867;2.938645839691162;-4.3409423828125;-0.696044921875;1.60906982421875;-1.4951171875;COBYLA;0.3929483890533447
-2040;-442.9813398401333;-134.39685264839622;-2240;-436.3007282245724;-127.49312983215478;-2135.0707383452645;-602.7285140494553;-132.2334677314136;-2040;-389.5950933503492;-289.2569559479171;-2240;-345.1496237005941;-270.8051256748276;-2156.6179978885534;-576.9652525170432;-317.77156075474204;-2205.1541763729106;-403.87075696165294;-211.81631117446392;-2243.2098915077236;-572.5771599258937;-225.7625704793372;-2143.6;-620.5;-220.07;-2143.6;-595.5;-219.34;0.5;-2.6531546115875244;-0.26742061972618103;-0.07661674171686172;0.019782356917858124;6.624269485473633;64.99589538574219;22.706066131591797;-6.947173118591309;7.905376434326172;12.063129425048828;8.560168266296387;-6.509765625;1.47021484375;0.0;-0.962158203125;COBYLA;0.7596921920776367
-2040;-356.0246961044168;-143.08522209387414;-2240;-468.6394124735995;-131.81023420124774;-2126.9232134200333;-603.1469077254078;-129.1019324162309;-2040;-419.00595908764234;-315.3094613298943;-2240;-374.447830633405;-304.48284226917633;-2140.197910589469;-589.6173490331234;-318.9411011013449;-2223.2685761690623;-363.54338268599014;-216.96201787921484;-2243.4314064021214;-553.9656404680129;-214.14842419273637;-2143.6;-620.5;-220.07;-2143.6;-595.5;-219.34;1.0;-3.6143569946289062;0.2473602294921875;0.0;0.04423469305038452;4.000019550323486;64.06536865234375;24.995725631713867;-14.999282836914062;4.076457500457764;11.524842262268066;7.518101692199707;-5.42071533203125;0.668212890625;0.88018798828125;-1.499755859375;COBYLA;0.5595259666442871
-2040;-408.5960232213308;-143.9736577921892;-2240;-395.1247898716525;-140.58951915789297;-2127.56586481476;-602.7997464164295;-137.25953160632804;-2040;-344.4952100791497;-296.44926186326603;-2240;-379.41751717743887;-299.2088679979614;-2140.199681500179;-590.2006797423082;-317.730073233673;-2215.422559891313;-376.29952901941425;-203.020992379338;-2242.229914923366;-588.4557378308976;-206.11646202448836;-2143.6;-620.5;-220.07;-2143.6;-595.5;-219.34;1.0;-3.2913565635681152;0.13379719853401184;-0.03426405042409897;0.03956471383571625;4.004445552825928;64.94072723388672;24.93321418762207;-14.950170516967773;3.9935131072998047;15.544013977050781;2.214151620864868;-5.68475341796875;0.239501953125;0.7335205078125;-0.37939453125;COBYLA;0.5275890827178955
-2040;-479.20537548706045;-150.0845558349396;-2240;-396.80198072120896;-145.789175460439;-2128.390394470125;-602.7319141856136;-143.3424722088716;-2040;-363.4592098493213;-303.13171557031666;-2240;-434.04101297863895;-297.8123107975421;-2140.2650354641983;-590.6991204182114;-313.15919758090183;-2200.58161625629;-407.04601948801024;-214.18467328943314;-2243.1375855671863;-566.0631279903354;-214.43574934852637;-2143.6;-620.5;-220.07;-2143.6;-595.5;-219.34;1.0;-3.3007614612579346;0.3009781539440155;-0.05934707447886467;0.04845668375492096;4.000007629394531;65.00008392333984;24.523908615112305;-14.454288482666016;4.053091049194336;11.105544090270996;8.394798278808594;-6.49847412109375;1.4912109375;-0.000244140625;-0.923583984375;COBYLA;0.5036725997924805
-2040;-456.3804868869162;-167.5259737581965;-2240;-354.8258002718636;-168.28962494832206;-2139.7405294906425;-602.1423423298173;-161.99993296696314;-2040;-481.2855242543334;-312.6424071848798;-2240;-484.61119222588695;-315.3144622556418;-2150.5483021901287;-592.4878543915805;-316.5574428214495;-2220.8981890972505;-394.6125749161559;-182.21157111156626;-2189.509573831655;-595.54096036302;-177.9666019793753;-2143.6;-620.5;-220.07;-2143.6;-595.5;-219.34;1.0;-4.564448833465576;-0.17288485169410706;0.0;0.04845668375492096;4.000058174133301;50.619808197021484;14.47985553741455;-14.996047973632812;3.5743486881256104;17.911075592041016;0.455425500869751;-2.89666748046875;0.796142578125;1.96600341796875;0.664794921875;COBYLA;0.7041170597076416
-2040;-425.1718771361785;-126.86027819621778;-2240;-351.0108958857608;-120.22770901109062;-2146.4705761831406;-602.9587648383225;-135.52517810104186;-2040;-354.02017567243917;-244.16633202619337;-2240;-355.4130094269741;-247.61053325890927;-2170.123310680697;-590.6659948430159;-313.3466442445436;-2208.393174525149;-377.7613519386502;-162.7875750350293;-2224.8613781973445;-581.0030952631541;-188.02850926976978;-2143.6;-620.5;-220.07;-2143.6;-595.5;-219.34;0.4999997317790985;-2.2754626274108887;-0.9782910346984863;-0.07132630795240402;-0.019782356917858124;7.576699256896973;61.955867767333984;13.807605743408203;-14.997818946838379;3.954585075378418;15.871949195861816;0.0054516843520104885;-5.2811279296875;0.353515625;0.87164306640625;0.408447265625;COBYLA;0.6133823394775391
-2040;-435.68364811557205;-142.038394260953;-2240;-469.770452951247;-135.5864692833714;-2127.88079974599;-602.6053609054235;-142.87692153362175;-2040;-419.89562222118525;-288.02385159499653;-2240;-398.75605393908745;-272.04433356727475;-2139.8125975608536;-578.7714852618893;-313.5103889154084;-2207.959713871278;-423.15266255595503;-204.68433763581243;-2204.8386049271644;-574.2422375894228;-219.75589801074935;-2143.6;-620.5;-220.07;-2143.6;-595.5;-219.34;0.5000001788139343;-2.6532375812530518;-0.4712909162044525;-0.07661674171686172;0.04423469305038452;3.999932289123535;64.99987030029297;24.99951934814453;-5.483989715576172;7.9515509605407715;10.032097816467285;9.403817176818848;-6.536865234375;1.1787109375;0.00030517578125;-1.49755859375;COBYLA;0.48769521713256836
-2040;-382.9027667086857;-147.76362720053717;-2240;-462.26160589701243;-142.5565395077869;-2129.783031135162;-602.2262902149317;-150.28593327214037;-2040;-471.8349856872916;-294.7573450554291;-2240;-453.8136361590746;-283.82989860275393;-2141.262805648519;-584.2744737294189;-311.3970729264643;-2230.7075418297945;-430.7935689180462;-242.65399387632067;-2207.4636283466707;-559.7533528338224;-260.83212243990937;-2143.6;-620.5;-220.07;-2143.6;-595.5;-219.34;0.5000003576278687;-3.2643425464630127;-0.9782419800758362;-0.019782356917858124;0.03426405042409897;4.075641632080078;64.71343231201172;23.801883697509766;-8.785743713378906;6.35801887512207;17.923419952392578;7.593390464782715;-4.66632080078125;0.6826171875;1.88458251953125;-1.497314453125;COBYLA;0.5715000629425049
-2040;-444.7712103770442;-122.21597352612478;-2240;-387.3126212998769;-108.23668671581227;-2128.503656109315;-602.9118247931252;-137.17056313200845;-2040;-414.1331372878939;-253.20614469388292;-2240;-460.36872731566933;-264.48842626815144;-2141.193572558935;-581.9722405359182;-318.6366809005254;-2212.90845335245;-440.16681403240227;-182.61570494878242;-2207.588018374917;-596.8233718883298;-222.64333095438096;-2143.6;-620.5;-220.07;-2143.6;-595.5;-219.34;1.0;-2.0419318675994873;-1.819596529006958;0.0;0.04423469305038452;4.000189781188965;50.00000762939453;23.978424072265625;-9.057846069335938;6.582286357879639;17.986215591430664;7.705935001373291;-4.53912353515625;1.1748046875;0.63922119140625;-1.054443359375;COBYLA;0.5336017608642578
-2040;-351.9238091962156;-111.75627351989166;-2240;-438.26090909468127;-112.48980649034957;-2126.431708283574;-603.3542746177187;-122.03197458012627;-2040;-409.013553232143;-257.8871567016111;-2240;-447.46846739818955;-271.51281948160084;-2139.5069377775576;-589.5334633939118;-309.0194524575495;-2232.6218987413736;-408.71542689712163;-222.19660392756265;-2234.7828497098167;-587.8784009085467;-260.1541727700961;-2143.6;-620.5;-220.07;-2143.6;-595.5;-219.34;0.4887593686580658;-2.6584596633911133;-1.170116901397705;0.0;0.04423469305038452;3.9999289512634277;52.9141845703125;24.992555618286133;-15.000015258789062;4.227212429046631;17.64097785949707;0.14700044691562653;-4.32537841796875;-0.711181640625;1.0087890625;-0.71826171875;COBYLA;0.6572451591491699
-2040;-356.0801373388281;-108.92674093452851;-2240;-447.63523607516174;-111.45994865018679;-2129.254043139091;-601.4416260238065;-120.54126234235932;-2040;-388.03305025857674;-253.70362328996208;-2240;-472.0997384126095;-280.17358691163986;-2147.306444052017;-583.8310911159249;-311.4260221167706;-2210.0159564054507;-413.49419167575667;-204.2534568380568;-2237.842917820732;-595.1647378308345;-239.95614394656994;-2143.6;-620.5;-220.07;-2143.6;-595.5;-219.34;0.49810853600502014;-2.654229164123535;-1.2138807773590088;-0.0;0.019782356917858124;5.4024810791015625;50.021217346191406;24.786266326904297;-14.997879981994629;5.271025657653809;11.633563041687012;0.04221808910369873;-4.257568359375;-1.1552734375;0.7911376953125;-1.17724609375;COBYLA;0.9898650646209717
-2040;-437.2217487367153;-139.85999734166018;-2240;-393.20741889075293;-132.91280177931398;-2130.7389696990654;-602.8407985977964;-139.6133377609858;-2040;-475.31640146362315;-300.0816888702766;-2240;-467.0857864859203;-289.1768424006272;-2147.301407791714;-590.1008561276304;-316.2886896328685;-2247.714885431964;-440.09621175859706;-189.30610449036737;-2241.7342586687223;-589.3717660716036;-200.52239807396404;-2143.6;-620.5;-220.07;-2143.6;-595.5;-219.34;0.5000001192092896;-3.265206813812256;-0.9783751964569092;-0.05934707447886467;0.04423469305038452;5.355567932128906;64.99951171875;24.99800682067871;-14.447637557983398;4.124408721923828;10.344704627990723;7.779778480529785;-4.7415771484375;1.482666015625;1.85943603515625;-0.73974609375;COBYLA;0.6183686256408691
-2040;-405.0863529066317;-118.70351875676904;-2240;-421.5878802891367;-115.41608404677945;-2126.36690458872;-603.3829985071316;-121.03721733834932;-2040;-395.715794548722;-243.22508552420274;-2240;-460.011017729099;-258.34296854395024;-2137.8384002479083;-591.1919125382874;-285.0754896274771;-2266.2038597772525;-406.3704200176436;-200.62775132619427;-2242.5432083117494;-561.5142492274243;-222.3977889664502;-2143.6;-620.5;-220.07;-2143.6;-595.5;-219.34;0.0009105801582336426;-2.6565990447998047;-0.9808822274208069;-0.05934707447886467;0.04845668375492096;4.000267028808594;64.99798583984375;24.9884033203125;-14.999771118164062;4.25036096572876;17.837610244750977;0.6095033288002014;-5.38140869140625;-0.558349609375;1.1746826171875;-0.674560546875;COBYLA;1.5490491390228271
-2040;-457.3013808582221;-117.58275268533568;-2240;-451.14818502205554;-113.43885123371498;-2127.5368919971243;-603.3826065288971;-121.049793746989;-2040;-423.4731033191719;-265.5478437126078;-2240;-403.4018747672185;-260.8622726013173;-2141.4911405499784;-585.6930242929172;-313.1178162963273;-2246.3025059457395;-429.35617822457596;-193.39999762324788;-2242.1096239649396;-593.9354206427555;-219.98568710720713;-2143.6;-620.5;-220.07;-2143.6;-595.5;-219.34;0.5;-2.165783405303955;-0.9783326983451843;0.0;0.03426405042409897;4.155420780181885;64.99153900146484;24.12071418762207;-13.028199195861816;5.262170791625977;17.06853675842285;1.5072888135910034;-6.5435791015625;0.382568359375;0.00048828125;0.0166015625;COBYLA;0.7293961048126221
-2040;-350.4092461071681;-131.44449350320616;-2240;-454.8650566348362;-132.7630987488223;-2135.9823307952697;-592.2369576688435;-148.16362163862476;-2040;-489.9130038064624;-291.6342631371683;-2240;-364.7371361134777;-243.89142069744733;-2155.7503269508065;-569.804749118615;-307.83704205636684;-2237.877631990851;-382.4178017279901;-202.43146868842186;-2205.3840751858597;-558.2021634914616;-239.30786208998848;-2143.6;-620.5;-220.07;-2143.6;-595.5;-219.34;0.4985348880290985;-2.6540839672088623;-1.2192658185958862;0.0;0.03956471383571625;7.057404518127441;50.54905319213867;24.70423698425293;-14.998184204101562;7.997018814086914;10.181546211242676;9.332235336303711;-4.38861083984375;1.499267578125;0.83502197265625;-1.14697265625;COBYLA;0.7001268863677979
-2040;-415.1954262721284;-132.94037841658346;-2240;-480.2780998935343;-130.8277290479991;-2131.5699622090096;-602.9899764051726;-133.90769030175503;-2040;-440.1590797037249;-288.033326965613;-2240;-349.51813496624095;-274.1608238445024;-2150.8532468867174;-590.0448071454808;-318.68413920119866;-2204.2910192498307;-385.5896350131399;-239.87007366437277;-2231.639166027394;-575.1616022423701;-265.7904250694835;-2143.6;-620.5;-220.07;-2143.6;-595.5;-219.34;0.5;-2.6531827449798584;-0.3610072731971741;0.0;0.04423469305038452;5.957805156707764;64.99600219726562;24.94567108154297;-14.963409423828125;4.007562160491943;17.976083755493164;0.03423367440700531;-6.490234375;-0.037353515625;6.103515625e-05;0.03515625;COBYLA;0.7309255599975586
-2040;-412.1007116383126;-138.90790379890976;-2240;-467.1917691715244;-137.21272384650138;-2144.9392931949847;-598.698577805709;-156.16086041558296;-2040;-461.2556848023795;-274.762049979177;-2240;-387.5019064091643;-235.36755854272323;-2166.11993026698;-579.6484288060147;-309.65354737973314;-2214.91292805769;-433.1406552549047;-193.64449856040554;-2242.9715330239283;-600.2143837607312;-229.52278327703067;-2143.6;-620.5;-220.07;-2143.6;-595.5;-219.34;1.0;-1.8788810968399048;-1.4991782903671265;-0.07401880621910095;-0.019782356917858124;7.856710433959961;64.98348236083984;18.808168411254883;-9.806366920471191;7.07485294342041;10.003585815429688;9.897358894348145;-6.2281494140625;1.38134765625;0.4010009765625;-1.494873046875;COBYLA;0.6183454990386963
-2040;-412.9011332877282;-131.14960793633315;-2240;-440.7512665731968;-123.53840876823892;-2133.62963458261;-600.6620843126632;-128.09764464408335;-2040;-341.59400331561426;-279.8298003310963;-2240;-341.43323693741957;-269.58103964389323;-2157.5056854099203;-582.5397971683615;-318.0069299851919;-2235.968205691076;-366.0386425834673;-218.97004211545348;-2233.5747081394243;-561.7785491283832;-240.22169790707161;-2143.6;-620.5;-220.07;-2143.6;-595.5;-219.34;0.5;-2.653209686279297;-0.2602494955062866;-0.06255730986595154;0.03956471383571625;7.165811061859131;64.99872589111328;24.799360275268555;-14.706683158874512;5.451045036315918;15.80820083618164;9.041524887084961;-6.31512451171875;1.103515625;0.2034912109375;-1.48388671875;COBYLA;0.7692430019378662
-2040;-411.15510035883585;-156.65770371807776;-2240;-430.0553613027187;-155.13881046974643;-2129.426984031874;-590.7041084869857;-162.17289007092234;-2040;-336.67664392888065;-273.38705558015045;-2240;-355.1833593260693;-279.8684765097136;-2140.363053755827;-568.8283698622505;-318.53442902804045;-2239.552254572717;-401.424068062155;-167.81712881966953;-2231.3092998814946;-573.5859327099506;-175.70817513345833;-2143.6;-620.5;-220.07;-2143.6;-595.5;-219.34;0.5000001788139343;-2.6531190872192383;-0.2361740916967392;-0.07661674171686172;0.04423469305038452;4.000794887542725;64.99640655517578;24.806180953979492;-14.651713371276855;7.964255332946777;17.855710983276367;0.4333404004573822;-6.56146240234375;-0.223388671875;0.0003662109375;-0.242431640625;COBYLA;0.5864560604095459
-2040;-389.7593213908798;-126.2766292123213;-2240;-424.79246356039476;-126.57072702899481;-2127.879796501427;-595.4473795670941;-139.94591753033734;-2040;-339.7695988607024;-246.15989558695307;-2240;-458.4465752426116;-282.1605475201531;-2140.308299068693;-573.0701405647595;-313.81860951754055;-2254.7307350388046;-429.3806154638358;-213.82450103971644;-2238.9979870195357;-598.2602313952574;-247.27589877967358;-2143.6;-620.5;-220.07;-2143.6;-595.5;-219.34;0.3726007342338562;-2.542092800140381;-0.9590933322906494;-0.05934707447886467;-0.0;4.08856725692749;50.00042724609375;24.998502731323242;-14.472407341003418;7.3336405754089355;13.374556541442871;0.40232789516448975;-4.7740478515625;-0.9267578125;0.28021240234375;-1.038818359375;COBYLA;0.7550063133239746
-2040;-337.4861564291195;-166.28790060424458;-2240;-392.58497060182276;-168.57253979451215;-2130.803293191826;-598.8931017390428;-182.29889773239543;-2040;-468.35329827489784;-294.5403580310074;-2240;-376.7769347288082;-279.5611831661051;-2140.422397254027;-580.0506728387409;-318.79745901305887;-2254.571802927208;-366.98856792261876;-192.3552483601878;-2218.16621636911;-592.5286679563021;-212.15833871062912;-2143.6;-620.5;-220.07;-2143.6;-595.5;-219.34;0.5;-3.179762840270996;-0.9783529043197632;0.0;0.04845668375492096;4.031009674072266;64.64743041992188;24.927814483642578;-3.9722445011138916;7.859532356262207;17.460725784301758;0.03471077233552933;-3.984619140625;-0.0400390625;2.5550537109375;0.028076171875;COBYLA;0.5993964672088623
-2040;-388.3277520628271;-140.41463984295459;-2240;-420.5490543320384;-141.73673856758776;-2129.447917797997;-592.6216117738375;-157.74152408810542;-2040;-397.68474221441176;-261.9174918169317;-2240;-414.1770489783324;-267.78996552969994;-2140.6071908254703;-571.2673770566314;-309.7211315745278;-2225.8885595237466;-412.07403763462054;-184.60088564805227;-2241.927837290405;-597.058579329984;-211.7014292598841;-2143.6;-620.5;-220.07;-2143.6;-595.5;-219.34;0.0006414651870727539;-2.6503639221191406;-0.9761123657226562;-0.06852810084819794;-0.0;4.19943904876709;50.01981735229492;24.989151000976562;-13.265891075134277;7.998098850250244;10.68526554107666;0.4713183641433716;-4.62091064453125;-0.30419921875;0.47113037109375;-0.393798828125;COBYLA;1.032238245010376
-2040;-421.0806020748066;-109.64088166744874;-2240;-352.1817165007451;-97.78505376333702;-2131.3147678687465;-603.209926951004;-120.3599937085861;-2040;-399.4198718004423;-256.2410520209441;-2240;-399.16878155265596;-247.74574169199;-2151.9503396918753;-575.583123613921;-318.4516478152157;-2236.457539538637;-377.939721863588;-161.0347664114192;-2189.974465929741;-567.1083635215534;-201.7937378272448;-2143.6;-620.5;-220.07;-2143.6;-595.5;-219.34;1.0;-2.1275055408477783;-1.5032620429992676;0.0;0.04845668375492096;5.947209358215332;50.942325592041016;23.76544761657715;-8.047045707702637;7.939544677734375;14.665132522583008;7.595020294189453;-4.4576416015625;1.48583984375;0.71429443359375;-0.676513671875;COBYLA;0.4218721389770508
-2040;-351.1756236164566;-120.99311617336193;-2240;-463.12542481446127;-121.83006438745524;-2127.8580983579936;-603.1514608922361;-128.97610003817886;-2040;-363.58640744600814;-262.5814205748673;-2240;-450.3196328027167;-285.11271448694146;-2142.626967738544;-578.1182814216128;-318.63919813822554;-2204.4023672880735;-400.9924727271175;-180.84338061848499;-2217.0792724739845;-600.1449747324333;-205.05996464295055;-2143.6;-620.5;-220.07;-2143.6;-595.5;-219.34;0.015326768159866333;-2.6405489444732666;-0.9661052227020264;-0.03956471383571625;0.04845668375492096;4.452559947967529;59.622955322265625;24.99418830871582;-7.792332649230957;7.518861770629883;13.416349411010742;1.9704612493515015;-4.9765625;-0.9306640625;1.01336669921875;-1.474609375;COBYLA;1.8809926509857178
-2040;-397.65863124150275;-125.26543478479462;-2240;-489.2017629788431;-144.258106032919;-2133.9318091661817;-594.576595063253;-168.62778216361477;-2040;-435.3468568347848;-227.04518473100018;-2240;-424.2179875418631;-225.0154456683527;-2144.545247123412;-576.3044082370033;-298.6420723172781;-2237.2132440463915;-415.5739130182045;-172.45144098702698;-2238.02891607788;-598.8889323921773;-234.64355764998803;-2143.6;-620.5;-220.07;-2143.6;-595.5;-219.34;1.0;-1.3771357536315918;-2.3695504665374756;0.0;0.04845668375492096;4.666805267333984;50.19108963012695;22.6044979095459;-9.777570724487305;7.999964714050293;18.00018310546875;3.611350621213205e-05;-5.2401123046875;-0.810546875;0.00128173828125;-0.719970703125;COBYLA;0.48470282554626465
-2040;-442.611976474075;-119.93497057917611;-2240;-454.467125167335;-114.71974611203348;-2127.0333985192565;-595.3505558704807;-126.2206999356928;-2040;-482.0078346797939;-292.5878449528163;-2240;-425.0080919384826;-267.0052655063177;-2140.3953799542132;-569.0017776406186;-314.06067633891894;-2257.9869738788084;-452.7651974823176;-216.16376950215306;-2227.293562624999;-587.747405644703;-244.41054053718452;-2143.6;-620.5;-220.07;-2143.6;-595.5;-219.34;0.49966999888420105;-2.653400182723999;-1.2488079071044922;-0.019782356917858124;-0.0;4.06882905960083;50.01768493652344;24.82386016845703;-14.992266654968262;7.984932899475098;10.989320755004883;7.301192760467529;-5.1456298828125;1.498779296875;0.0240478515625;-0.557861328125;COBYLA;0.7230660915374756
-2040;-473.57152091241187;-132.9413620113976;-2240;-381.59296809834825;-124.47309919654084;-2128.0615360858187;-602.5106953980251;-131.90199556144202;-2040;-360.7635487696069;-272.78339277741685;-2240;-445.1452120281191;-277.9887203720985;-2142.1082661985197;-588.9679725311033;-312.69750730240906;-2220.399100887768;-417.63993444499965;-212.22776372133941;-2242.3504153851068;-572.1912745638958;-230.3239009447317;-2143.6;-620.5;-220.07;-2143.6;-595.5;-219.34;0.5;-2.653202772140503;-0.5311043858528137;-0.07661674171686172;0.0;4.442587852478027;64.99983215332031;24.998411178588867;-14.993060111999512;4.2838664054870605;10.026850700378418;9.428239822387695;-6.1416015625;1.49951171875;0.40081787109375;-1.248779296875;COBYLA;0.7340366840362549
-2040;-452.4240751581292;-128.5357626282441;-2240;-428.53368127297256;-122.19219659805627;-2138.512304722255;-602.4920392677919;-151.37655155004057;-2040;-444.37177735257114;-250.34248288571771;-2240;-417.9140139366303;-241.2528395147504;-2150.27552542013;-588.6199056844741;-318.95853611039206;-2201.3283937782544;-428.6605863629934;-187.93979626049938;-2241.7471299756776;-582.6700797090269;-236.41296945609847;-2143.6;-620.5;-220.07;-2143.6;-595.5;-219.34;1.0;-1.6187406778335571;-1.9716784954071045;0.019782356917858124;0.04845668375492096;4.015297889709473;51.4045295715332;15.001866340637207;-12.442389488220215;4.732017517089844;17.999479293823242;0.485213041305542;-5.2242431640625;0.40576171875;-0.000244140625;0.398681640625;COBYLA;0.6802058219909668
-2040;-335.1279747799158;-149.46311566083028;-2240;-424.51055472375964;-149.44710956944064;-2128.7316674737303;-597.8983301750966;-155.02599562514695;-2040;-400.35346264702235;-290.35493276771444;-2240;-389.504363872305;-292.12570342217447;-2140.188212224478;-582.3763853477925;-318.86064379698064;-2220.5121578738726;-375.4922607866054;-167.74358479235852;-2196.8106441778623;-581.1386081983289;-175.79299317679792;-2143.6;-620.5;-220.07;-2143.6;-595.5;-219.34;1.0;-3.336559772491455;-0.2780973017215729;-0.05595295503735542;-0.0;4.000041484832764;50.000789642333984;24.999876022338867;-14.999893188476562;5.412152290344238;17.992111206054688;0.11716693639755249;-4.20123291015625;-0.51708984375;0.7855224609375;-0.51220703125;COBYLA;0.49268198013305664
-2040;-441.0595588190096;-121.29621930498236;-2240;-459.58996947981143;-118.75439357692943;-2137.3286280573648;-603.3850425117927;-120.97683789434188;-2040;-456.62006201198363;-289.51621244724697;-2240;-380.8304420950281;-276.00334188704534;-2162.264840054438;-587.7307042101714;-317.39704679318714;-2195.122073218505;-398.8527731957502;-205.1460301176742;-2200.2723084782165;-550.6271141896053;-221.54076976341707;-2143.6;-620.5;-220.07;-2143.6;-595.5;-219.34;0.5000006556510925;-2.653064727783203;-0.4865826964378357;-0.03426405042409897;-0.0;7.235214710235596;63.54316711425781;20.341524124145508;-14.40633487701416;4.556772708892822;13.10408878326416;0.44064703583717346;-6.3553466796875;0.378662109375;-6.103515625e-05;0.3193359375;COBYLA;0.5265927314758301
-2040;-421.4085034286299;-136.5879880297447;-2240;-466.18146376144614;-137.42964778351458;-2141.051945426927;-602.5433373529374;-148.66257489658065;-2040;-430.36324343821167;-267.195105672697;-2240;-362.83695270589;-250.50004440288973;-2167.699946725528;-579.3680836729404;-313.571061194379;-2190.7663080916473;-423.34191204972194;-177.48808778885316;-2226.067928190692;-599.4154478946209;-201.2813092740293;-2143.6;-620.5;-220.07;-2143.6;-595.5;-219.34;0.5000001192092896;-2.091153383255005;-0.9783691763877869;-0.07661674171686172;0.03426405042409897;9.179219245910645;64.98489379882812;24.929237365722656;-4.619795799255371;7.999597072601318;17.97760581970215;0.16624276340007782;-6.51922607421875;-0.06201171875;0.04510498046875;0.022216796875;COBYLA;0.7071082592010498
-2040;-425.6430708045576;-113.94197571107418;-2240;-352.6167963971122;-107.1621719617073;-2127.0457324474714;-603.3451241492651;-120.90719287439212;-2040;-364.98270145982605;-252.79613439167312;-2240;-450.2530084972032;-280.5561820006345;-2140.963078017857;-584.4623731726425;-316.78197312431354;-2238.004742512904;-398.49172923499594;-192.6972596889244;-2242.465020295776;-580.7541777910177;-224.66725268837757;-2143.6;-620.5;-220.07;-2143.6;-595.5;-219.34;0.1687328815460205;-2.5969736576080322;-1.004577398300171;0.0;0.03956471383571625;4.064207077026367;50.00078201293945;24.424072265625;-12.602599143981934;5.506415367126465;17.999563217163086;0.03142918646335602;-4.43121337890625;-0.177001953125;0.58642578125;-0.148193359375;COBYLA;0.8966019153594971
-2040;-380.12406333584806;-121.2102513202002;-2240;-336.7469708309888;-116.62691057614151;-2126.3528411395678;-602.4048726703295;-120.9988680088554;-2040;-362.46854408748834;-266.9823378803382;-2240;-459.9175827291635;-282.4899163665898;-2139.017307839253;-587.290049937856;-302.1056943555654;-2261.041042675768;-415.0411790932738;-222.5056105903861;-2203.6015278066047;-593.8850824328224;-242.12056147737616;-2143.6;-620.5;-220.07;-2143.6;-595.5;-219.34;1.0;-3.2965755462646484;-0.478706419467926;0.0;0.04845668375492096;4.000107288360596;50.193729400634766;24.999380111694336;-14.967802047729492;4.770772457122803;17.840654373168945;1.8514947891235352;-3.94403076171875;-0.21533203125;1.03863525390625;-0.731689453125;COBYLA;0.6003949642181396
-2040;-408.5574543852522;-119.89027904117683;-2240;-476.7278603865306;-117.01866098544772;-2135.6302233876154;-603.3426321900585;-122.1840779945962;-2040;-479.05139303282834;-291.6443748383051;-2240;-407.7207974596667;-272.85784205029773;-2155.4916110352046;-586.8083328176787;-317.9123446148842;-2279.6747957933294;-426.13426999163624;-206.82475436997322;-2236.9913062311502;-592.106420886613;-230.82102823232128;-2143.6;-620.5;-220.07;-2143.6;-595.5;-219.34;0.12849274277687073;-2.6129353046417236;-0.9446101784706116;0.0;0.04845668375492096;5.794273376464844;63.52745056152344;19.338951110839844;-13.817535400390625;4.828648090362549;15.99886703491211;2.8533685207366943;-5.8125;0.463134765625;0.5927734375;-0.26904296875;COBYLA;0.6821753978729248
-2040;-482.1192072431955;-130.49776251787142;-2240;-344.0239721480741;-117.73614374199182;-2127.571124421218;-594.3787760557422;-134.98890278122272;-2040;-340.96008940164;-249.67258734591536;-2240;-382.4141629696723;-256.97126766086694;-2140.417064510025;-568.604866815813;-318.5432285118949;-2262.8881779735625;-420.9577213601378;-194.4219273923381;-2240.987979735392;-600.2052959116917;-228.15874096506076;-2143.6;-620.5;-220.07;-2143.6;-595.5;-219.34;0.5000002384185791;-2.0766334533691406;-0.9783957004547119;-0.07401880621910095;0.0;4.003288745880127;64.99884796142578;24.766407012939453;-14.71638298034668;7.992992401123047;10.277649879455566;5.251666069030762;-6.30474853515625;1.498779296875;0.32037353515625;0.0263671875;COBYLA;0.6612329483032227
-2040;-380.47506994032216;-124.75698679949403;-2240;-380.4509017260921;-121.06116706070966;-2128.774523636635;-592.0757419500195;-149.57815137709352;-2040;-467.2213011845293;-265.2003085780104;-2240;-448.25650880598806;-257.22740228369173;-2139.6584951275704;-570.5651026383711;-302.66732921605796;-2194.5885176124016;-431.95594264300195;-202.89076674191895;-2220.7470600141687;-565.6780268279289;-238.55953170856114;-2143.6;-620.5;-220.07;-2143.6;-595.5;-219.34;0.5000000596046448;-2.6531484127044678;-2.198439359664917;0.0;0.0;4.0666632652282715;50.086524963378906;24.7391357421875;-14.95755386352539;7.998295307159424;15.213007926940918;2.6928467750549316;-3.07281494140625;0.546630859375;2.30682373046875;-0.154052734375;COBYLA;0.7819302082061768
-2040;-479.10427853626754;-149.91638158288094;-2240;-376.0144852471233;-141.23446143708935;-2128.843965933627;-601.7701745976151;-156.5797531804609;-2040;-444.33665141400644;-282.75488823573534;-2240;-388.8567226148292;-272.93851125196403;-2140.201415463236;-590.8394916654884;-318.9720814772349;-2263.321357380186;-404.37639104931577;-153.00552263289808;-2203.1140204794965;-601.760910904555;-168.2248452710502;-2143.6;-620.5;-220.07;-2143.6;-595.5;-219.34;0.49997931718826294;-2.6531312465667725;-0.6607188582420349;-0.06255730986595154;-0.0;4.000650882720947;55.70052719116211;24.997922897338867;-14.997208595275879;3.850820541381836;17.999370574951172;0.2257099449634552;-5.57275390625;1.1201171875;0.0240478515625;1.135009765625;COBYLA;0.5535204410552979
-2040;-406.7319094217769;-150.37293547145242;-2240;-459.1561385247788;-148.7523852732682;-2129.6047001778256;-599.3730500296529;-158.53854798456442;-2040;-414.3858381832024;-281.3445925445153;-2240;-419.65024072187674;-280.0465612770354;-2141.079021407322;-584.552464907303;-319.01924753927096;-2192.9701520040153;-417.8146375055822;-197.8611469237269;-2240.5095746008487;-590.6089005005374;-216.2357440283427;-2143.6;-620.5;-220.07;-2143.6;-595.5;-219.34;0.4986167848110199;-2.6526193618774414;-0.7358625531196594;-0.07401880621910095;-0.0;4.089690685272217;64.80162048339844;24.60544776916504;-13.54769229888916;5.276339530944824;15.387189865112305;3.780536651611328;-5.9276123046875;0.052978515625;0.5982666015625;-1.03271484375;COBYLA;0.8028526306152344
-2040;-396.5380201609949;-141.99603871114672;-2240;-400.94598674899277;-137.14003159014794;-2130.453302891489;-602.5079832274502;-150.96003108050198;-2040;-349.15684079590386;-262.13946776712237;-2240;-471.4848331796592;-286.970734320832;-2143.27845925262;-587.5167976536842;-319.031845449845;-2239.7917918942576;-402.0473195961967;-209.32213061085213;-2240.3454788837266;-574.16693662059;-237.47172734762822;-2143.6;-620.5;-220.07;-2143.6;-595.5;-219.34;0.00894734263420105;-2.6432762145996094;-0.9692894816398621;0.0;0.03426405042409897;4.363663196563721;64.56720733642578;23.891395568847656;-11.557756423950195;5.097048759460449;11.273947715759277;5.530431270599365;-5.1339111328125;0.145751953125;1.32891845703125;-1.49658203125;COBYLA;1.3234601020812988
-2040;-453.91863036903925;-117.0374355075189;-2240;-432.1872535284328;-112.76539103129909;-2126.4770360563843;-603.2055059151444;-121.99408371948628;-2040;-337.85755338341625;-241.03451594395744;-2240;-399.6913858226008;-264.24541240323066;-2140.235364520049;-575.6665277945965;-318.7468217730474;-2203.4985967807006;-391.3696341149412;-186.51909979686417;-2213.4079536637655;-559.5273626960043;-216.54125350251635;-2143.6;-620.5;-220.07;-2143.6;-595.5;-219.34;0.5000437498092651;-1.9991964101791382;-0.9773918986320496;0.0;0.04845668375492096;4.000004768371582;64.99889373779297;24.943405151367188;-7.767441272735596;7.967803955078125;17.700702667236328;0.2297905534505844;-6.50433349609375;-0.16552734375;0.0267333984375;-0.16162109375;COBYLA;0.8208558559417725
-2040;-440.9994009528793;-131.51853813116819;-2240;-338.74999389267055;-131.05293039709602;-2131.9466409515285;-600.9264799126424;-120.13766816054371;-2040;-417.81758293164415;-321.9902353839714;-2240;-444.3238440434996;-312.50759382977225;-2147.5339357521084;-579.6967806826931;-318.73589747652574;-2258.2859695001844;-409.3354544671479;-221.03391525395315;-2243.559028065653;-577.5588208607869;-218.4046703234466;-2143.6;-620.5;-220.07;-2143.6;-595.5;-219.34;1.0;-4.105717182159424;0.2838577628135681;-0.07661674171686172;-0.0;4.487783432006836;56.22773742675781;20.286684036254883;-13.940651893615723;6.1015944480896;10.000286102294922;8.078088760375977;-4.5009765625;1.5;1.005615234375;-0.816650390625;COBYLA;0.52359938621521
-2040;-373.32022841343195;-119.5479810531731;-2240;-362.7913506716186;-112.86904581578973;-2132.697563021408;-598.8427549488139;-120.05396130352753;-2040;-400.37754890063894;-284.28828469938804;-2240;-437.92671937518554;-282.50890124340964;-2156.3282609303437;-571.2656350345818;-317.8534622262809;-2263.837185219434;-410.5101802412875;-175.44343999389574;-2213.031608162158;-596.7040050745399;-195.17107969085603;-2143.6;-620.5;-220.07;-2143.6;-595.5;-219.34;0.4998926818370819;-2.9437808990478516;-0.9783883690834045;-0.05595295503735542;0.03956471383571625;6.812770843505859;60.83631134033203;24.03220558166504;-12.459898948669434;7.936997890472412;11.325618743896484;8.56605052947998;-4.497314453125;1.0;1.6475830078125;-1.447998046875;COBYLA;0.5525228977203369
-2040;-438.03712271843335;-144.838751150292;-2240;-347.0754166146745;-137.7127247228984;-2143.3247629713137;-592.2707566703932;-149.39336255227653;-2040;-419.213198098869;-284.3970519569624;-2240;-430.4408570309609;-285.068331850082;-2156.1529010246873;-568.7653555433969;-317.0312199977673;-2196.4161105984053;-423.80456573915257;-224.18099095744196;-2222.335370492133;-580.9686165661952;-247.135528633158;-2143.6;-620.5;-220.07;-2143.6;-595.5;-219.34;0.49995532631874084;-2.9583873748779297;-0.9784101843833923;-0.03956471383571625;0.03426405042409897;4.375911235809326;64.98796081542969;10.93288516998291;-14.82967758178711;7.981687068939209;11.762532234191895;2.863255262374878;-4.83599853515625;0.910888671875;1.7236328125;0.143798828125;COBYLA;0.7001261711120605
-2040;-377.82727283231384;-134.64287202288304;-2240;-375.44012626459454;-129.96665835214367;-2127.6944196288164;-594.495901565435;-133.99432318031745;-2040;-456.7133094347264;-283.92855013516265;-2240;-440.94556204154077;-277.24773335924095;-2139.674131298725;-571.2531394150034;-300.53337893771277;-2222.0848343461835;-436.255173418992;-195.23849608571285;-2238.791754869177;-599.9997893435266;-206.2333115765434;-2143.6;-620.5;-220.07;-2143.6;-595.5;-219.34;0.5000000596046448;-3.428248882293701;-0.9782914519309998;-0.06852810084819794;-0.0;4.1144022941589355;64.98323059082031;24.815025329589844;-14.844380378723145;7.945105075836182;12.869131088256836;4.479587078094482;-4.232421875;0.761474609375;2.3192138671875;-0.4873046875;COBYLA;0.8277852535247803
